{"cameraMode":{"drawMode":0,"name":"Shaded","section":"Shading Mode"},"sceneLighting":true,"audioPlay":false,"sceneViewState":{"showFog":true,"showMaterialUpdate":false,"showSkybox":true,"showFlares":true,"showImageEffects":true,"showParticleSystems":true,"showVisualEffectGraphs":true,"m_FxEnabled":true},"in2DMode":false,"pivot":{"x":5.932912826538086,"y":-1.4109350442886353,"z":1.3616752624511719},"rotation":{"x":-0.47007298469543459,"y":0.004064552020281553,"z":-0.002554967999458313,"w":-0.8827651739120483},"size":15.089916229248047,"orthographic":false}