{"cameraMode":{"drawMode":0,"name":"Shaded","section":"Shading Mode"},"sceneLighting":true,"audioPlay":false,"sceneViewState":{"showFog":true,"showMaterialUpdate":false,"showSkybox":true,"showFlares":true,"showImageEffects":true,"showParticleSystems":true,"showVisualEffectGraphs":true,"m_FxEnabled":true},"in2DMode":false,"pivot":{"x":6.548275947570801,"y":3.423382043838501,"z":0.6718704700469971},"rotation":{"x":0.6110255718231201,"y":-0.002121681347489357,"z":0.0016603046096861363,"w":0.7916856408119202},"size":6.574917793273926,"orthographic":false}