{"cameraMode":{"drawMode":0,"name":"Shaded","section":"Shading Mode"},"sceneLighting":true,"audioPlay":false,"sceneViewState":{"showFog":true,"showMaterialUpdate":false,"showSkybox":true,"showFlares":true,"showImageEffects":true,"showParticleSystems":true,"showVisualEffectGraphs":true,"m_FxEnabled":true},"in2DMode":false,"pivot":{"x":2.4626524448394777,"y":-12.116707801818848,"z":-10.735599517822266},"rotation":{"x":-0.0881694108247757,"y":-0.8974166512489319,"z":0.37867122888565066,"w":-0.20874683558940888},"size":27.987213134765626,"orthographic":false}