{"cameraMode":{"drawMode":0,"name":"Shaded","section":"Shading Mode"},"sceneLighting":true,"audioPlay":false,"sceneViewState":{"showFog":true,"showMaterialUpdate":false,"showSkybox":true,"showFlares":true,"showImageEffects":true,"showParticleSystems":true,"showVisualEffectGraphs":true,"m_FxEnabled":true},"in2DMode":false,"pivot":{"x":0.2705087959766388,"y":-0.19250242412090302,"z":0.02598440647125244},"rotation":{"x":-0.7088432908058167,"y":-0.0008896053186617792,"z":0.0008364060195162892,"w":-0.7054347395896912},"size":9.387897491455079,"orthographic":false}