{"cameraMode":{"drawMode":0,"name":"Shaded","section":"Shading Mode"},"sceneLighting":true,"audioPlay":false,"sceneViewState":{"showFog":true,"showMaterialUpdate":false,"showSkybox":true,"showFlares":true,"showImageEffects":true,"showParticleSystems":true,"showVisualEffectGraphs":true,"m_FxEnabled":true},"in2DMode":false,"pivot":{"x":0.2705087959766388,"y":-0.19250242412090302,"z":0.02598440647125244},"rotation":{"x":-0.07198744267225266,"y":-0.8696255683898926,"z":0.13300152122974397,"w":-0.4700830578804016},"size":17.88632583618164,"orthographic":false}